agent_id|agent_first_name|agent_last_name|agent_email|agent_phone|agency_name|agency_city|agency_state|agency_zip|license_number|licensed_states|line_of_business|hire_date|termination_date|is_active|ytd_policies_written|ytd_premium_written|created_date|modified_date
AGT00001|Kenneth|Davis|kenneth.davis95@libertymutualgroup.com|(758) 289-7912|Liberty Mutual Group|Los Angeles|CA|90001|LIC131244|CA|Auto|2016-03-03||1|55|116330.45|2016-03-03|2016-04-26
AGT00002|Emily|Gonzalez|emily.gonzalez90@libertymutualgroup.com|632-548-5552|Liberty Mutual Group|Riverside|CA|92501|LIC325772|NY~KY~TX|Commercial|2019-05-30||1|26|46372.92|2019-05-30|2019-12-14
AGT00003|Daniel|Thompson|daniel.thompson11@allstateagency.com|+17655006925|Allstate Agency|Arlington|TX|76001|LIC301629|WI|Auto|2015-12-07||1|11|330631.66|2015-12-07|2017-07-21
AGT00004|Jennifer|Anderson|jennifer.anderson27@progressivedirect.com|+18864732169|Progressive Direct|San Antonio|TX|78201|LIC765822|TX~NV~OR|Homeowners|2018-07-11||1|136|364563.4|2018-07-11|2019-06-10
AGT00005|Ashley|Harris|ashley.harris5@farmersinsurance.com|(523) 610-5386|Farmers Insurance|Denver|CO|80201|LIC321231|IN|All Lines|2014-12-05||1|80|106313.27|2014-12-05|2017-09-22
AGT00006|Margaret|Adams|margaret.adams75@progressivedirect.com|608-570-4593|Progressive Direct|Atlanta|GA|30301|LIC634277|PA~LA~CA|Multi-Line|2013-03-16||1|23|377891.08|2013-03-16|2013-10-26
AGT00007|Barbara|Green|barbara.green71@cnapartners.com|(211)896-2876|CNA Partners|Austin|TX|73301|LIC663054|TX~GA~FL~WA|Commercial|2019-06-21|2029-02-01|0|0|0.0|2019-06-21|2021-05-17
AGT00008|Linda|Jackson|linda.jackson65@travelersagency.com|(308)840-5889|Travelers Agency|Fresno|CA|93701|LIC632323|NC~KY~TX|All Lines|2013-07-19|2016-10-10|0|0|0.0|2013-07-19|2014-05-28
AGT00009|Betty|Carter|betty.carter31@allstateagency.com|(259) 446-2290|Allstate Agency|Austin|TX|73301|LIC867460|CA~CA~NV~OK|Multi-Line|2021-11-23||1|17|488992.25|2021-11-23|2024-11-17
AGT00010|Stephanie|Rodriguez|stephanie.rodriguez89@hartfordagency.com|4059306107|Hartford Agency|Dallas|TX|75201|LIC804314|NC~OH~KY~MO|Commercial|2020-08-29||1|112|449807.04|2020-08-29|2023-03-11
AGT00011|Linda|Thomas|linda.thomas1@farmersinsurance.com|272-924-1964|Farmers Insurance|Indianapolis|IN|46201|LIC170674|LA~IN|Auto|2011-06-09|2016-02-21|0|0|0.0|2011-06-09|2011-11-01
AGT00012|Steven|Thomas|steven.thomas13@libertymutualgroup.com|299.874.8062|Liberty Mutual Group|Denver|CO|80201|LIC544154|CA~MO~AZ~OH|Multi-Line|2020-11-20||1|119|431918.37|2020-11-20|2021-03-10
AGT00013|Amanda|Adams|amanda.adams25@allstateagency.com|7496593296|Allstate Agency|Anaheim|CA|92801|LIC292401|TX~CA~OH|Commercial|2012-03-17||1|118|124903.22|2012-03-17|2012-08-18
AGT00014|Mark|Scott|mark.scott31@hartfordagency.com|3706168956|Hartford Agency|San Antonio|TX|78201|LIC324130|KY|Multi-Line|2011-02-19||1|15|82318.56|2011-02-19|2011-02-23
AGT00015|Matthew|Taylor|matthew.taylor8@usaaagency.com|(793) 953-9883|USAA Agency|Atlanta|GA|30301|LIC884309|FL~OH~TN~NC|Commercial|2016-05-25||1|14|25071.17|2016-05-25|2019-01-26
AGT00016|Steven|King|steven.king9@hartfordagency.com|(891) 440-7615|Hartford Agency|Austin|TX|73301|LIC697347|AZ~TX|Homeowners|2011-04-11||1|148|297259.58|2011-04-11|2011-09-25
AGT00017|Anthony|Nelson|anthony.nelson41@farmersinsurance.com|444-471-7484|Farmers Insurance|New Orleans|LA|70112|LIC804318|CO~CA|Commercial|2021-09-22||1|117|158088.6|2021-09-22|2022-02-17
AGT00018|James|Robinson|james.robinson32@statefarmoffice.com|5784913584|State Farm Office|Bakersfield|CA|93301|LIC974244|TX~OR~AZ|All Lines|2012-03-30||1|77|305838.88|2012-03-30|2015-03-18
AGT00019|James|Nelson|james.nelson14@statefarmoffice.com|960.766.3546|State Farm Office|Minneapolis|MN|55401|LIC395442|WA~CA|All Lines|2016-09-18||1|53|358806.09|2016-09-18|2017-11-08
AGT00020|Amanda|Green|amanda.green82@travelersagency.com|(633) 483-1722|Travelers Agency|Seattle|WA|98101|LIC449759|PA|Homeowners|2021-05-03||1|67|80790.99|2021-05-03|2023-10-24
AGT00021|Emily|Rivera|emily.rivera48@statefarmoffice.com|7967653426|State Farm Office|Fresno|CA|93701|LIC233636|OH~IL|Auto|2010-03-21|2014-09-03|0|0|0.0|2010-03-21|2012-04-05
AGT00022|John|Thompson|john.thompson21@statefarmoffice.com|381-622-1406|State Farm Office|Charlotte|NC|28201|LIC872343|CA~PA~FL~CA|Commercial|2015-08-07||1|105|401117.57|2015-08-07|2016-12-27
AGT00023|Karen|Hernandez|karen.hernandez40@usaaagency.com|(433)428-1387|USAA Agency|Corpus Christi|TX|78401|LIC302511|IN~OH~GA~OR|Multi-Line|2012-06-04||1|84|139301.53|2012-06-04|2012-10-24
AGT00024|Stephanie|Moore|stephanie.moore23@usaaagency.com|(794) 471-1626|USAA Agency|Portland|OR|97201|LIC725550|CA~CA~WA|Multi-Line|2021-06-05||1|88|364272.53|2021-06-05|2023-03-09
AGT00025|Sandra|Hill|sandra.hill91@usaaagency.com|+16462019518|USAA Agency|Raleigh|NC|27601|LIC820221|WA~IL|Homeowners|2012-08-05||1|93|215648.7|2012-08-05|2014-06-12
AGT00026|Michelle|Lee|michelle.lee71@progressivedirect.com|(330)396-7888|Progressive Direct|Aurora|CO|80010|LIC497562|TN~NM~TX~TN|Homeowners|2012-10-17||1|145|150474.94|2012-10-17|2012-10-17
AGT00027|Lisa|Jackson|lisa.jackson28@cnapartners.com|(723)684-3780|CNA Partners|Charlotte|NC|28201|LIC188914|GA~CA~CA|Commercial|2019-08-23||1|131|331926.92|2019-08-23|2021-07-09
AGT00028|Jennifer|Carter|jennifer.carter32@libertymutualgroup.com|6868252193|Liberty Mutual Group|San Francisco|CA|94101|LIC534572|CA~IL|All Lines|2016-12-17||1|49|359172.96|2016-12-17|2019-02-11
AGT00029|Dorothy|Sanchez|dorothy.sanchez55@allstateagency.com|4243809486|Allstate Agency|San Francisco|CA|94101|LIC152657|AK|All Lines|2013-04-23||1|63|458735.01|2013-04-23|2013-12-27
AGT00030|Ashley|Rodriguez|ashley.rodriguez71@hartfordagency.com|6563628777|Hartford Agency|Atlanta|GA|30301|LIC371782|CA~MO~NC~CA|Homeowners|2021-11-30||1|70|382906.84|2021-11-30|2024-11-01
AGT00031|Dorothy|Green|dorothy.green41@travelersagency.com|753-282-3267|Travelers Agency|San Francisco|CA|94101|LIC342495|CA~CO~KY|Multi-Line|2016-02-28|2024-12-09|0|0|0.0|2016-02-28|2017-01-05
AGT00032|Melissa|Wilson|melissa.wilson99@usaaagency.com|+17989121320|USAA Agency|Phoenix|AZ|85001|LIC498858|AZ~TX~NC~WI|Multi-Line|2019-04-22||1|1|471370.83|2019-04-22|2020-12-23
AGT00033|Timothy|Harris|timothy.harris86@travelersagency.com|8956143704|Travelers Agency|Tucson|AZ|85701|LIC233827|NE~CA~WI~KY|All Lines|2014-12-12||1|136|13483.23|2014-12-12|2017-02-25
AGT00034|Donna|Torres|donna.torres7@statefarmoffice.com|466-588-6363|State Farm Office|Aurora|CO|80010|LIC576786|GA~TX|Commercial|2010-08-11||1|86|380614.85|2010-08-11|2012-09-25
AGT00035|Karen|Carter|karen.carter29@statefarmoffice.com|(865) 270-1659|State Farm Office|Tucson|AZ|85701|LIC359295|OR|Homeowners|2015-08-29||1|5|310667.83|2015-08-29|2016-12-29
AGT00036|William|Walker|william.walker22@cnapartners.com|820-821-2876|CNA Partners|Aurora|CO|80010|LIC426147|TX~WA~AK~NV|Auto|2012-07-26||1|148|12839.21|2012-07-26|2014-04-25
AGT00037|Andrew|Baker|andrew.baker99@libertymutualgroup.com|+15089002983|Liberty Mutual Group|Milwaukee|WI|53201|LIC920652|TX~TX|Auto|2018-11-24|2023-10-16|0|0|0.0|2018-11-24|2021-11-19
AGT00038|Sandra|Nelson|sandra.nelson63@hartfordagency.com|(308)643-6934|Hartford Agency|Las Vegas|NV|89101|LIC968962|AZ|Multi-Line|2011-07-19||1|39|217743.57|2011-07-19|2014-06-21
AGT00039|Carol|Moore|carol.moore36@travelersagency.com|+16614498613|Travelers Agency|Bakersfield|CA|93301|LIC739979|TN~CA~PA|Multi-Line|2020-11-04||1|86|14350.0|2020-11-04|2022-08-31
AGT00040|Susan|Young|susan.young25@progressivedirect.com|2874477658|Progressive Direct|Charlotte|NC|28201|LIC682144|MN~NY~FL|Homeowners|2017-12-16||1|121|322951.45|2017-12-16|2020-09-16
AGT00041|Mark|Johnson|mark.johnson75@libertymutualgroup.com|577.684.9698|Liberty Mutual Group|Philadelphia|PA|19101|LIC546173|OK~CO|All Lines|2016-08-07||1|84|175905.26|2016-08-07|2019-02-22
AGT00042|Karen|Martin|karen.martin98@statefarmoffice.com|906-389-4138|State Farm Office|Seattle|WA|98101|LIC874483|CA~PA~OH|Multi-Line|2015-03-04||1|70|362292.5|2015-03-04|2018-02-10
AGT00043|Joshua|Jackson|joshua.jackson91@progressivedirect.com|(746) 329-5494|Progressive Direct|San Antonio|TX|78201|LIC157174|OK~NY|All Lines|2014-05-10||1|74|348708.7|2014-05-10|2015-01-23
AGT00044|Kenneth|Carter|kenneth.carter7@allstateagency.com|(458) 689-2869|Allstate Agency|Omaha|NE|68101|LIC520172|MO~CA~KY~TX|Multi-Line|2012-04-20||1|18|288510.58|2012-04-20|2012-08-07
AGT00045|Barbara|Martinez|barbara.martinez98@statefarmoffice.com|+16268204697|State Farm Office|Tampa|FL|33601|LIC498855|MN|Multi-Line|2016-10-25||1|113|148676.57|2016-10-25|2019-03-22
AGT00046|Lisa|Torres|lisa.torres27@cnapartners.com|(840)416-5335|CNA Partners|Bakersfield|CA|93301|LIC185131|KY|Homeowners|2011-05-09||1|61|86906.77|2011-05-09|2011-10-09
AGT00047|David|Smith|david.smith37@cnapartners.com|(923) 489-8438|CNA Partners|Tucson|AZ|85701|LIC820775|IN|Homeowners|2020-02-08||1|67|393914.01|2020-02-08|2021-03-19
AGT00048|Sandra|Davis|sandra.davis22@nationwidepartners.com|5148095728|Nationwide Partners|Cleveland|OH|44101|LIC230394|AZ~TX|Multi-Line|2015-01-16||1|77|349866.84|2015-01-16|2016-07-26
AGT00049|Steven|Wright|steven.wright4@statefarmoffice.com|(293)434-1339|State Farm Office|Omaha|NE|68101|LIC961322|PA~TN~TX~WA|Commercial|2019-10-27||1|147|20115.84|2019-10-27|2020-10-19
AGT00050|Donald|King|donald.king45@progressivedirect.com|(618)541-6260|Progressive Direct|Anaheim|CA|92801|LIC209680|HI~NE~PA~MO|Homeowners|2019-12-02||1|84|205822.54|2019-12-02|2022-09-11
AGT00051|Charles|Nelson|charles.nelson52@travelersagency.com|7262019889|Travelers Agency|Albuquerque|NM|87101|LIC533321|TN~CA~AK|Auto|2010-10-28||1|48|259219.7|2010-10-28|2013-08-13
AGT00052|Kenneth|Lewis|kenneth.lewis90@libertymutualgroup.com|(696)324-1472|Liberty Mutual Group|Lexington|KY|40502|LIC738448|TN~CA|Homeowners|2011-02-27||1|40|155375.07|2011-02-27|2011-03-27
AGT00053|Emily|Clark|emily.clark20@statefarmoffice.com|+17109335781|State Farm Office|Philadelphia|PA|19101|LIC839677|CA|Commercial|2015-01-15||1|106|417361.97|2015-01-15|2017-09-08
AGT00054|Sarah|Robinson|sarah.robinson99@usaaagency.com|624.548.9318|USAA Agency|Minneapolis|MN|55401|LIC960408|AZ~CO|Auto|2013-03-30||1|72|363025.49|2013-03-30|2015-12-27
AGT00055|Barbara|Lewis|barbara.lewis31@farmersinsurance.com|7855924826|Farmers Insurance|Cleveland|OH|44101|LIC145767|GA~TN~OH~TX|Commercial|2020-11-11||1|121|352613.94|2020-11-11|2022-12-31
AGT00056|Matthew|Nelson|matthew.nelson43@travelersagency.com|+13026502633|Travelers Agency|Anaheim|CA|92801|LIC579123|NC~LA|Auto|2013-05-31||1|36|204989.31|2013-05-31|2014-04-12
AGT00057|Robert|Walker|robert.walker87@cnapartners.com|(746)589-6188|CNA Partners|Seattle|WA|98101|LIC853629|KY|Multi-Line|2017-08-05||1|138|17949.55|2017-08-05|2017-12-23
AGT00058|Sarah|Green|sarah.green13@libertymutualgroup.com|(654) 370-5906|Liberty Mutual Group|Santa Ana|CA|92701|LIC148225|TX~KY~HI~CA|Commercial|2016-06-12||1|14|146683.89|2016-06-12|2018-07-19
AGT00059|Sandra|Martinez|sandra.martinez11@usaaagency.com|8245914945|USAA Agency|San Francisco|CA|94101|LIC711484|TX~TX|Homeowners|2021-11-30||1|59|230574.96|2021-11-30|2023-05-04
AGT00060|Ashley|Taylor|ashley.taylor45@travelersagency.com|(801)506-7951|Travelers Agency|Aurora|CO|80010|LIC362246|AZ~CA|Multi-Line|2010-03-18||1|77|99608.5|2010-03-18|2012-05-13
AGT00061|Donald|Miller|donald.miller85@cnapartners.com|+16054811132|CNA Partners|San Francisco|CA|94101|LIC819112|TX~TN~CA|Auto|2018-07-22||1|127|416419.45|2018-07-22|2020-02-28
AGT00062|Stephanie|Anderson|stephanie.anderson99@libertymutualgroup.com|(875)897-3240|Liberty Mutual Group|Arlington|TX|76001|LIC201883|CA~KY~MO|Auto|2017-11-26||1|79|394305.24|2017-11-26|2018-02-02
AGT00063|Donna|White|donna.white26@statefarmoffice.com|+13357526994|State Farm Office|St. Louis|MO|63101|LIC626169|PA~AZ~TX|Commercial|2012-12-12||1|42|128485.04|2012-12-12|2015-08-25
AGT00064|Charles|Mitchell|charles.mitchell87@travelersagency.com|+19418907511|Travelers Agency|Louisville|KY|40201|LIC483542|KY~IN|Auto|2012-08-01||1|101|6959.33|2012-08-01|2013-04-11
AGT00065|Ashley|White|ashley.white61@cnapartners.com|+12258346374|CNA Partners|Santa Ana|CA|92701|LIC332120|TX~CA~IN|Auto|2015-11-18||1|118|454693.82|2015-11-18|2017-07-28
AGT00066|Carol|Clark|carol.clark31@allstateagency.com|7503387367|Allstate Agency|San Diego|CA|92101|LIC489033|NE~CA~TX|All Lines|2013-02-19||1|107|293670.17|2013-02-19|2014-01-01
AGT00067|Anthony|Adams|anthony.adams28@cnapartners.com|654.655.4868|CNA Partners|San Antonio|TX|78201|LIC204180|IL~TX~NV|Commercial|2020-12-22||1|139|450848.11|2020-12-22|2022-12-26
AGT00068|Patricia|Sanchez|patricia.sanchez82@statefarmoffice.com|811.221.1828|State Farm Office|Denver|CO|80201|LIC355400|PA~CO~NC~CA|Homeowners|2014-04-04||1|144|102602.79|2014-04-04|2015-06-02
AGT00069|Donna|Wilson|donna.wilson19@nationwidepartners.com|333-753-5106|Nationwide Partners|Indianapolis|IN|46201|LIC215266|CO|Auto|2017-05-15||1|33|7430.16|2017-05-15|2018-09-14
AGT00070|Donna|Lee|donna.lee61@progressivedirect.com|+16599966931|Progressive Direct|Los Angeles|CA|90001|LIC722503|FL~CA~PA~AZ|Auto|2013-11-28|2019-12-23|0|0|0.0|2013-11-28|2016-09-24
AGT00071|Joseph|Flores|joseph.flores62@progressivedirect.com|6116362768|Progressive Direct|Chicago|IL|60601|LIC847006|TX|Multi-Line|2021-09-11||1|18|449633.38|2021-09-11|2023-07-02
AGT00072|Joshua|Martinez|joshua.martinez38@progressivedirect.com|(664) 717-8048|Progressive Direct|Phoenix|AZ|85001|LIC931621|WI~TX~FL|Auto|2012-10-30||1|141|360419.96|2012-10-30|2014-01-13
AGT00073|Sandra|Lewis|sandra.lewis55@farmersinsurance.com|520.881.5176|Farmers Insurance|Indianapolis|IN|46201|LIC260053|AZ~MO~TX~TN|Multi-Line|2019-04-13||1|17|45612.39|2019-04-13|2019-10-04
AGT00074|Jennifer|Ramirez|jennifer.ramirez46@nationwidepartners.com|(881)968-7929|Nationwide Partners|San Antonio|TX|78201|LIC153945|CO~CA~AZ|Commercial|2018-05-11||1|79|175823.09|2018-05-11|2021-03-15
AGT00075|Jessica|Martinez|jessica.martinez98@libertymutualgroup.com|4857874705|Liberty Mutual Group|Aurora|CO|80010|LIC986209|MN~NV~CA|All Lines|2020-10-25||1|142|13126.92|2020-10-25|2022-04-25
AGT00076|Mary|Lopez|mary.lopez85@farmersinsurance.com|(610)271-3324|Farmers Insurance|Denver|CO|80201|LIC763928|FL~FL|Auto|2016-12-06||1|23|373055.88|2016-12-06|2018-02-19
AGT00077|Matthew|Clark|matthew.clark11@nationwidepartners.com|+12533593579|Nationwide Partners|Atlanta|GA|30301|LIC152179|AK~FL~TX|Auto|2017-08-24||1|69|221556.49|2017-08-24|2020-01-09
AGT00078|Dorothy|Hill|dorothy.hill56@progressivedirect.com|+13134908972|Progressive Direct|Sacramento|CA|95801|LIC799539|OR|Commercial|2019-04-16||1|11|110259.22|2019-04-16|2019-08-06
AGT00079|James|Wilson|james.wilson64@nationwidepartners.com|964-640-3878|Nationwide Partners|Oklahoma City|OK|73101|LIC498676|TN~CA~NY|All Lines|2014-09-27||1|58|250131.17|2014-09-27|2016-09-21
AGT00080|Robert|Sanchez|robert.sanchez74@usaaagency.com|(639)787-7626|USAA Agency|Pittsburgh|PA|15201|LIC771237|TN|Multi-Line|2010-12-13|2015-03-12|0|0|0.0|2010-12-13|2011-08-05
AGT00081|Margaret|Johnson|margaret.johnson32@cnapartners.com|+16468037560|CNA Partners|Memphis|TN|38101|LIC182467|PA~CA~TX|Multi-Line|2013-11-08||1|79|372902.41|2013-11-08|2015-02-04
AGT00082|Nancy|Roberts|nancy.roberts45@hartfordagency.com|944-860-3419|Hartford Agency|Austin|TX|73301|LIC207798|AK~OR|Homeowners|2011-09-18||1|65|98635.9|2011-09-18|2012-07-27
AGT00083|Timothy|Carter|timothy.carter58@nationwidepartners.com|(897)778-6295|Nationwide Partners|Anaheim|CA|92801|LIC431495|GA~KY~FL~LA|Homeowners|2011-09-10||1|112|34143.13|2011-09-10|2014-03-03
AGT00084|Kenneth|Martin|kenneth.martin8@farmersinsurance.com|(577)493-2257|Farmers Insurance|Denver|CO|80201|LIC996840|GA~CA~IL|Auto|2011-04-06||1|129|192241.24|2011-04-06|2011-06-29
AGT00085|Mark|Torres|mark.torres14@farmersinsurance.com|+15519312381|Farmers Insurance|Anaheim|CA|92801|LIC777513|TX~CA|Homeowners|2014-03-23||1|10|123871.86|2014-03-23|2016-09-04
AGT00086|Mark|King|mark.king44@farmersinsurance.com|(895)812-1857|Farmers Insurance|Miami|FL|33101|LIC778748|WI~AZ~AK|Commercial|2013-07-24||1|16|164845.38|2013-07-24|2015-09-23
AGT00087|Charles|Taylor|charles.taylor84@farmersinsurance.com|915-878-7421|Farmers Insurance|St. Louis|MO|63101|LIC723945|OR~OK|Auto|2013-05-16||1|79|279461.04|2013-05-16|2015-03-19
AGT00088|William|Nelson|william.nelson24@statefarmoffice.com|419-549-8967|State Farm Office|Corpus Christi|TX|78401|LIC337547|NC~NV~CA~OK|Homeowners|2021-10-22||1|39|38582.54|2021-10-22|2022-05-17
AGT00089|Steven|Roberts|steven.roberts20@allstateagency.com|(366)385-3712|Allstate Agency|Cleveland|OH|44101|LIC558933|TX~WI|Auto|2021-10-23||1|105|182149.71|2021-10-23|2023-02-21
AGT00090|Mark|Flores|mark.flores87@libertymutualgroup.com|784.651.8564|Liberty Mutual Group|Nashville|TN|37201|LIC915922|MO~OH~NV|Multi-Line|2020-01-26||1|128|263729.89|2020-01-26|2020-12-22
AGT00091|Richard|Hill|richard.hill67@allstateagency.com|327-491-2374|Allstate Agency|Dallas|TX|75201|LIC386042|MN~TX~CA|Multi-Line|2015-08-11||1|131|73674.33|2015-08-11|2018-01-22
AGT00092|Jennifer|Anderson|jennifer.anderson11@allstateagency.com|583.429.1461|Allstate Agency|Sacramento|CA|95801|LIC203896|NC~NV~CA~WI|Commercial|2017-11-03||1|37|68799.79|2017-11-03|2019-06-13
AGT00093|Donald|Hall|donald.hall33@travelersagency.com|(420)353-9991|Travelers Agency|Dallas|TX|75201|LIC738457|CA|All Lines|2020-07-09||1|108|55593.43|2020-07-09|2022-02-19
AGT00094|Sarah|Martin|sarah.martin69@libertymutualgroup.com|+12168479443|Liberty Mutual Group|San Diego|CA|92101|LIC353690|AZ~CA~NE~TX|Homeowners|2011-01-27||1|74|214619.45|2011-01-27|2013-01-18
AGT00095|Sarah|Torres|sarah.torres65@statefarmoffice.com|7197671333|State Farm Office|Tucson|AZ|85701|LIC592972|AZ~FL~OH|Auto|2014-03-15||1|99|490519.71|2014-03-15|2015-08-16
AGT00096|Deborah|Johnson|deborah.johnson75@farmersinsurance.com|952-974-6447|Farmers Insurance|Portland|OR|97201|LIC146489|AK|Commercial|2011-07-08||1|139|169273.63|2011-07-08|2012-06-30
AGT00097|Stephanie|Baker|stephanie.baker59@nationwidepartners.com|(237) 500-4302|Nationwide Partners|Atlanta|GA|30301|LIC929538|CA|Homeowners|2020-09-25||1|10|157797.91|2020-09-25|2022-06-22
AGT00098|Steven|Sanchez|steven.sanchez7@progressivedirect.com|(871) 539-5476|Progressive Direct|Cleveland|OH|44101|LIC938171|TN~OR|Commercial|2020-08-14|2026-07-08|0|0|0.0|2020-08-14|2022-11-11
AGT00099|Deborah|Lewis|deborah.lewis94@nationwidepartners.com|+16342808055|Nationwide Partners|Milwaukee|WI|53201|LIC962287|NV~FL~CO~PA|Homeowners|2017-08-09||1|139|146883.21|2017-08-09|2018-03-07
AGT00100|Jennifer|Lee|jennifer.lee58@progressivedirect.com|+12439446776|Progressive Direct|Aurora|CO|80010|LIC556068|TX~TX~CA~OR|Commercial|2016-08-18||1|14|37520.58|2016-08-18|2018-11-27
AGT00101|Betty|Allen|betty.allen83@allstateagency.com|+15755707272|Allstate Agency|Pittsburgh|PA|15201|LIC133958|IL~TX~AZ~CA|All Lines|2013-08-03||1|39|339531.03|2013-08-03|2015-09-01
AGT00102|Betty|Lewis|betty.lewis36@cnapartners.com|(455)316-1424|CNA Partners|Lexington|KY|40502|LIC295085|NM~TN~CA|Multi-Line|2011-09-22||1|132|193493.69|2011-09-22|2012-05-20
AGT00103|Thomas|Roberts|thomas.roberts16@libertymutualgroup.com|338-275-8406|Liberty Mutual Group|Seattle|WA|98101|LIC848022|TX~NE~OH|Multi-Line|2020-01-04||1|22|405256.61|2020-01-04|2021-10-19
AGT00104|Kevin|Thompson|kevin.thompson82@hartfordagency.com|378-570-9335|Hartford Agency|Riverside|CA|92501|LIC227257|TX~CA~TX|Homeowners|2011-06-16||1|35|118368.09|2011-06-16|2014-03-23
AGT00105|Mary|White|mary.white9@travelersagency.com|+15166078842|Travelers Agency|Minneapolis|MN|55401|LIC530749|CA~PA|Multi-Line|2018-04-11||1|147|36875.36|2018-04-11|2020-01-20
AGT00106|Carol|Jones|carol.jones56@hartfordagency.com|+17142563034|Hartford Agency|Sacramento|CA|95801|LIC260448|AK~TX|Commercial|2020-06-13||1|42|80983.48|2020-06-13|2021-09-17
AGT00107|Daniel|King|daniel.king79@progressivedirect.com|(746)295-9234|Progressive Direct|Nashville|TN|37201|LIC276827|TX~HI~OK|All Lines|2011-10-09||1|148|77097.13|2011-10-09|2013-08-30
AGT00108|Andrew|Williams|andrew.williams74@allstateagency.com|6268321496|Allstate Agency|Los Angeles|CA|90001|LIC757629|CA~NC~AK|All Lines|2011-10-28||1|74|320953.64|2011-10-28|2013-07-07
AGT00109|Donald|Thomas|donald.thomas57@progressivedirect.com|625-695-8609|Progressive Direct|Santa Ana|CA|92701|LIC456717|TX|All Lines|2019-02-09||1|36|156291.25|2019-02-09|2020-11-23
AGT00110|George|Thompson|george.thompson31@farmersinsurance.com|6773255382|Farmers Insurance|Albuquerque|NM|87101|LIC359961|TN|Homeowners|2012-12-07||1|24|25302.65|2012-12-07|2015-02-01
AGT00111|Michelle|Clark|michelle.clark64@farmersinsurance.com|727.678.9171|Farmers Insurance|San Francisco|CA|94101|LIC621530|OH~KY~TX|Auto|2013-08-01||1|23|472616.4|2013-08-01|2016-06-01
AGT00112|Ashley|Thomas|ashley.thomas37@allstateagency.com|7492082761|Allstate Agency|Charlotte|NC|28201|LIC240440|TX~CA~CA~MO|Commercial|2017-11-30|2027-01-26|0|0|0.0|2017-11-30|2019-12-19
AGT00113|Timothy|Sanchez|timothy.sanchez37@usaaagency.com|2755959261|USAA Agency|Las Vegas|NV|89101|LIC901535|NV~MN|All Lines|2011-01-06|2015-02-24|0|0|0.0|2011-01-06|2011-09-06
AGT00114|William|Miller|william.miller78@farmersinsurance.com|(721) 611-9193|Farmers Insurance|Albuquerque|NM|87101|LIC147504|KY~FL~OH|Auto|2018-05-16||1|35|356795.92|2018-05-16|2021-01-10
AGT00115|Kimberly|Robinson|kimberly.robinson95@nationwidepartners.com|+15068076511|Nationwide Partners|Jacksonville|FL|32201|LIC968524|TX~NM~CA|All Lines|2021-07-25||1|136|244923.33|2021-07-25|2023-03-30
AGT00116|Donald|Johnson|donald.johnson4@statefarmoffice.com|(811)685-5350|State Farm Office|Las Vegas|NV|89101|LIC920934|MO~TX~HI|All Lines|2017-06-06||1|147|113771.61|2017-06-06|2017-09-19
AGT00117|Donna|Walker|donna.walker74@cnapartners.com|(917) 312-4125|CNA Partners|Austin|TX|73301|LIC562462|FL~CA~CA~IL|Commercial|2021-10-04||1|107|75715.63|2021-10-04|2022-11-25
AGT00118|Anthony|Allen|anthony.allen85@allstateagency.com|689.738.7173|Allstate Agency|Anchorage|AK|99501|LIC281594|MN~TN|Multi-Line|2020-07-30||1|136|171163.51|2020-07-30|2022-07-25
AGT00119|Amanda|Roberts|amanda.roberts39@cnapartners.com|(430)504-5735|CNA Partners|St. Louis|MO|63101|LIC317346|CO~MN|Multi-Line|2015-12-06||1|81|239901.71|2015-12-06|2017-06-18
AGT00120|Charles|Davis|charles.davis37@usaaagency.com|9312806674|USAA Agency|Tampa|FL|33601|LIC787836|TN~IL|Commercial|2018-07-08||1|122|106993.4|2018-07-08|2020-01-14
AGT00121|Emily|Hall|emily.hall86@statefarmoffice.com|(743) 431-4814|State Farm Office|Denver|CO|80201|LIC205065|CA~TX|Multi-Line|2013-01-29||1|84|358679.03|2013-01-29|2013-08-22
AGT00122|Amanda|Roberts|amanda.roberts61@hartfordagency.com|688.866.4267|Hartford Agency|Dallas|TX|75201|LIC436768|AZ~CA|Commercial|2010-02-12||1|15|453968.48|2010-02-12|2010-08-14
AGT00123|Carol|Torres|carol.torres64@nationwidepartners.com|(390) 966-5742|Nationwide Partners|Indianapolis|IN|46201|LIC109717|IL~NM|Commercial|2010-11-02||1|145|301391.48|2010-11-02|2012-09-18
AGT00124|Charles|Robinson|charles.robinson35@travelersagency.com|397-315-6417|Travelers Agency|Anaheim|CA|92801|LIC866634|NC~GA|Multi-Line|2021-10-05||1|65|359299.09|2021-10-05|2021-11-02
AGT00125|Deborah|Perez|deborah.perez52@nationwidepartners.com|885-297-4027|Nationwide Partners|Nashville|TN|37201|LIC600646|CA~NC~TN~PA|Commercial|2014-05-02||1|63|3415.06|2014-05-02|2016-06-25
AGT00126|Sarah|Lewis|sarah.lewis84@farmersinsurance.com|(568) 909-4871|Farmers Insurance|Lexington|KY|40502|LIC800224|WA|Auto|2015-12-28||1|119|153403.17|2015-12-28|2018-04-06
AGT00127|Amanda|Allen|amanda.allen29@statefarmoffice.com|3366893509|State Farm Office|Riverside|CA|92501|LIC884056|NV~CA~IN|All Lines|2016-12-22||1|95|207922.81|2016-12-22|2019-08-13
AGT00128|Timothy|Wright|timothy.wright58@libertymutualgroup.com|(740) 920-6927|Liberty Mutual Group|Aurora|CO|80010|LIC691573|FL|Auto|2014-11-25||1|15|414387.03|2014-11-25|2017-09-25
AGT00129|Richard|Torres|richard.torres75@nationwidepartners.com|7002939361|Nationwide Partners|Cleveland|OH|44101|LIC947975|CA~CA~NC~CA|Auto|2013-05-12||1|116|65972.17|2013-05-12|2015-09-09
AGT00130|Ashley|Torres|ashley.torres75@progressivedirect.com|274.246.7941|Progressive Direct|Houston|TX|77001|LIC834406|WA~NY~PA~NC|Auto|2020-05-15||1|138|497061.83|2020-05-15|2020-10-03
AGT00131|Donald|Williams|donald.williams88@nationwidepartners.com|(877)752-3178|Nationwide Partners|Nashville|TN|37201|LIC464663|NV~WI~CA~PA|Auto|2019-03-04||1|45|496423.39|2019-03-04|2021-05-16
AGT00132|Kimberly|Rodriguez|kimberly.rodriguez70@allstateagency.com|634-744-7214|Allstate Agency|St. Louis|MO|63101|LIC359535|GA~CA~MO|Multi-Line|2014-12-30||1|88|77560.69|2014-12-30|2016-01-20
AGT00133|George|Carter|george.carter27@usaaagency.com|2683031550|USAA Agency|San Diego|CA|92101|LIC726822|CA|Auto|2010-09-21||1|62|370270.54|2010-09-21|2012-12-22
AGT00134|Mark|Anderson|mark.anderson41@allstateagency.com|791-812-6253|Allstate Agency|Cleveland|OH|44101|LIC416422|IN~MO~FL|Homeowners|2014-11-15||1|133|110521.37|2014-11-15|2016-07-22
AGT00135|Karen|Brown|karen.brown83@usaaagency.com|887.590.9592|USAA Agency|Minneapolis|MN|55401|LIC830132|OR|Multi-Line|2013-12-05||1|104|74608.8|2013-12-05|2016-01-14
AGT00136|Susan|Carter|susan.carter8@libertymutualgroup.com|+17756227824|Liberty Mutual Group|Cleveland|OH|44101|LIC655736|CA~FL~GA|Homeowners|2020-08-15||1|99|121429.26|2020-08-15|2021-10-05
AGT00137|Nancy|Adams|nancy.adams49@farmersinsurance.com|(889) 819-1647|Farmers Insurance|Philadelphia|PA|19101|LIC297303|TX~CO|All Lines|2020-02-02||1|143|108508.26|2020-02-02|2021-04-04
AGT00138|Nancy|Martin|nancy.martin97@libertymutualgroup.com|6904484350|Liberty Mutual Group|New York|NY|10001|LIC350956|PA|All Lines|2014-10-02||1|82|387756.94|2014-10-02|2016-11-19
AGT00139|Ashley|Wright|ashley.wright98@progressivedirect.com|527.408.7073|Progressive Direct|Anaheim|CA|92801|LIC534037|GA~TX~MO~MO|Auto|2018-01-22||1|144|432042.42|2018-01-22|2018-11-16
AGT00140|Mary|Taylor|mary.taylor32@progressivedirect.com|711.763.6530|Progressive Direct|Minneapolis|MN|55401|LIC900441|IN~WI~FL|Multi-Line|2019-05-14||1|125|230414.5|2019-05-14|2021-05-04
AGT00141|David|Rodriguez|david.rodriguez5@nationwidepartners.com|(276) 884-1794|Nationwide Partners|St. Louis|MO|63101|LIC532424|FL|Homeowners|2020-12-14||1|59|33983.97|2020-12-14|2021-10-19
AGT00142|James|Wilson|james.wilson69@farmersinsurance.com|(764) 621-1194|Farmers Insurance|Raleigh|NC|27601|LIC655134|CO~NE~CA~NY|Commercial|2020-03-24|2027-03-27|0|0|0.0|2020-03-24|2021-11-01
AGT00143|Mary|Allen|mary.allen20@nationwidepartners.com|446.396.9625|Nationwide Partners|Corpus Christi|TX|78401|LIC954814|FL|Commercial|2019-08-29||1|68|397468.17|2019-08-29|2020-02-06
AGT00144|Betty|Sanchez|betty.sanchez84@libertymutualgroup.com|9772322531|Liberty Mutual Group|Atlanta|GA|30301|LIC497687|CA|Multi-Line|2015-06-16||1|141|238002.55|2015-06-16|2015-07-05
AGT00145|Brian|Hernandez|brian.hernandez6@usaaagency.com|435.416.8790|USAA Agency|Philadelphia|PA|19101|LIC148823|FL~TX~FL|Auto|2021-03-18||1|71|449655.83|2021-03-18|2021-05-24
AGT00146|Susan|Lee|susan.lee31@cnapartners.com|780.598.9856|CNA Partners|Los Angeles|CA|90001|LIC502491|AZ~OK~TX~FL|Homeowners|2014-08-25||1|20|250396.43|2014-08-25|2016-08-02
AGT00147|Patricia|Miller|patricia.miller35@statefarmoffice.com|661.702.4737|State Farm Office|Fresno|CA|93701|LIC679902|AK~TN~CA~HI|Multi-Line|2015-03-17||1|110|92868.92|2015-03-17|2017-05-03
AGT00148|Jennifer|Roberts|jennifer.roberts20@libertymutualgroup.com|(589)928-3527|Liberty Mutual Group|Bakersfield|CA|93301|LIC508548|CO|Commercial|2016-08-16||1|92|53275.46|2016-08-16|2016-08-26
AGT00149|Lisa|Lewis|lisa.lewis72@statefarmoffice.com|(768) 724-7685|State Farm Office|Las Vegas|NV|89101|LIC127537|CA~CA|Auto|2016-01-19||1|90|277109.9|2016-01-19|2017-11-13
AGT00150|Matthew|Smith|matthew.smith22@usaaagency.com|901-589-3777|USAA Agency|Nashville|TN|37201|LIC381981|FL~FL|Commercial|2019-04-13||1|68|246561.97|2019-04-13|2019-08-20
AGT00151|David|Ramirez|david.ramirez33@progressivedirect.com|+14529389123|Progressive Direct|Denver|CO|80201|LIC746624|NV|Homeowners|2019-06-12||1|117|53486.18|2019-06-12|2021-02-24
AGT00152|James|Sanchez|james.sanchez42@farmersinsurance.com|8179114290|Farmers Insurance|Louisville|KY|40201|LIC429445|CA~TX~TX~OK|Homeowners|2018-07-10||1|101|484362.61|2018-07-10|2020-02-26
AGT00153|Deborah|Hall|deborah.hall47@cnapartners.com|+13167774273|CNA Partners|Honolulu|HI|96801|LIC672133|WI~CO~NM|Homeowners|2021-01-05||1|140|13458.05|2021-01-05|2023-08-08
AGT00154|Melissa|Wilson|melissa.wilson39@statefarmoffice.com|(447)458-3525|State Farm Office|Sacramento|CA|95801|LIC543681|CA~NE~TX~HI|Multi-Line|2016-07-14||1|18|224533.36|2016-07-14|2019-03-22
AGT00155|Donna|Sanchez|donna.sanchez82@usaaagency.com|(287)311-5067|USAA Agency|Cleveland|OH|44101|LIC796982|TX~OH~TX|Commercial|2021-05-13||1|42|323499.92|2021-05-13|2021-08-11
AGT00156|Andrew|Adams|andrew.adams66@farmersinsurance.com|9647314621|Farmers Insurance|Santa Ana|CA|92701|LIC492292|TX~NY~WA~IN|Multi-Line|2018-12-18||1|118|386171.12|2018-12-18|2021-10-07
AGT00157|Barbara|Thompson|barbara.thompson94@statefarmoffice.com|345.556.6110|State Farm Office|Los Angeles|CA|90001|LIC577450|CA|Homeowners|2020-10-29||1|133|241463.0|2020-10-29|2023-07-01
AGT00158|Michael|Lewis|michael.lewis15@farmersinsurance.com|(223)551-2791|Farmers Insurance|St. Louis|MO|63101|LIC938913|CA|Homeowners|2020-02-24|2029-06-14|0|0|0.0|2020-02-24|2021-07-07
AGT00159|Kimberly|Lopez|kimberly.lopez24@farmersinsurance.com|8558738080|Farmers Insurance|Minneapolis|MN|55401|LIC130610|IN~NM~HI~TX|All Lines|2013-08-04||1|50|224787.51|2013-08-04|2015-12-31
AGT00160|Matthew|Smith|matthew.smith14@libertymutualgroup.com|749.391.6993|Liberty Mutual Group|Riverside|CA|92501|LIC306647|FL|Multi-Line|2014-10-26||1|29|131176.7|2014-10-26|2017-07-24
AGT00161|Kimberly|Green|kimberly.green46@cnapartners.com|(668)832-3826|CNA Partners|Memphis|TN|38101|LIC840282|OR|Commercial|2018-09-19||1|21|336055.04|2018-09-19|2020-06-21
AGT00162|Linda|Thomas|linda.thomas54@nationwidepartners.com|8103417286|Nationwide Partners|Oklahoma City|OK|73101|LIC294776|NC~WI|Multi-Line|2012-08-16||1|137|346716.46|2012-08-16|2013-08-05
AGT00163|Emily|Hernandez|emily.hernandez63@nationwidepartners.com|+13393997290|Nationwide Partners|Omaha|NE|68101|LIC629990|CA~TX~OR~NY|Multi-Line|2016-06-24||1|104|342348.34|2016-06-24|2018-10-23
AGT00164|Melissa|Lewis|melissa.lewis36@statefarmoffice.com|430-750-5729|State Farm Office|Omaha|NE|68101|LIC918665|TN~IL|Multi-Line|2013-10-02||1|144|371259.13|2013-10-02|2016-07-12
AGT00165|Emily|Allen|emily.allen98@progressivedirect.com|936-651-9951|Progressive Direct|San Diego|CA|92101|LIC545807|OH~KY~IL|Auto|2012-07-24||1|63|148854.47|2012-07-24|2012-09-28
AGT00166|Mark|Taylor|mark.taylor31@travelersagency.com|(414)955-6744|Travelers Agency|Portland|OR|97201|LIC739905|AK|Multi-Line|2011-12-14||1|42|308075.6|2011-12-14|2013-02-09
AGT00167|Jessica|Brown|jessica.brown38@hartfordagency.com|+14967865380|Hartford Agency|Tampa|FL|33601|LIC812296|TN~CA|Auto|2017-11-13||1|34|481386.0|2017-11-13|2020-03-04
AGT00168|Patricia|Moore|patricia.moore51@nationwidepartners.com|(701)345-5402|Nationwide Partners|Anaheim|CA|92801|LIC534346|CA~KY~CA|Multi-Line|2012-11-05||1|115|37758.14|2012-11-05|2013-05-14
AGT00169|Margaret|Allen|margaret.allen94@farmersinsurance.com|(295)948-8511|Farmers Insurance|Pittsburgh|PA|15201|LIC796405|TN~LA~NY~AK|Commercial|2016-03-29||1|16|397838.96|2016-03-29|2018-06-21
AGT00170|Jessica|Ramirez|jessica.ramirez17@progressivedirect.com|(779)696-6631|Progressive Direct|Charlotte|NC|28201|LIC899281|KY~MN~FL|Auto|2021-02-04||1|11|49787.37|2021-02-04|2023-09-03
AGT00171|Mary|Davis|mary.davis39@travelersagency.com|(362)480-2529|Travelers Agency|Austin|TX|73301|LIC477943|OH~TX~TX~CA|Commercial|2019-11-25|2021-10-27|0|0|0.0|2019-11-25|2021-12-25
AGT00172|Kevin|Adams|kevin.adams12@usaaagency.com|920-297-1017|USAA Agency|Austin|TX|73301|LIC599968|CA~CA|Auto|2011-03-01||1|33|296839.75|2011-03-01|2014-01-27
AGT00173|Amanda|Lewis|amanda.lewis30@farmersinsurance.com|(592) 291-2678|Farmers Insurance|New York|NY|10001|LIC428572|TX~TX~MO~AZ|Commercial|2010-03-08||1|76|68564.65|2010-03-08|2010-12-05
AGT00174|Carol|Baker|carol.baker93@hartfordagency.com|4188433480|Hartford Agency|Jacksonville|FL|32201|LIC746002|CA~OR|Multi-Line|2011-07-15||1|55|43344.02|2011-07-15|2012-02-05
AGT00175|William|Carter|william.carter83@farmersinsurance.com|(286)454-5668|Farmers Insurance|San Diego|CA|92101|LIC128127|TX~CA~CO|Commercial|2018-08-12||1|52|258874.56|2018-08-12|2021-06-20
AGT00176|Richard|Mitchell|richard.mitchell15@allstateagency.com|+14467112163|Allstate Agency|Albuquerque|NM|87101|LIC112653|NE~WI|Commercial|2016-08-18||1|81|65991.44|2016-08-18|2018-12-27
AGT00177|Betty|Wright|betty.wright76@travelersagency.com|269-214-5295|Travelers Agency|Santa Ana|CA|92701|LIC141761|CA|Auto|2013-11-16||1|101|253305.3|2013-11-16|2016-09-07
AGT00178|Stephanie|Clark|stephanie.clark40@statefarmoffice.com|280-723-4329|State Farm Office|Fresno|CA|93701|LIC662445|CO~PA|Commercial|2019-01-09||1|100|293218.58|2019-01-09|2019-05-24
AGT00179|Lisa|Hall|lisa.hall8@allstateagency.com|(516) 882-3877|Allstate Agency|Fresno|CA|93701|LIC113280|CA~GA~CA~TX|Homeowners|2015-05-09||1|2|81916.32|2015-05-09|2017-04-18
AGT00180|Kimberly|King|kimberly.king4@nationwidepartners.com|+15436395456|Nationwide Partners|St. Louis|MO|63101|LIC166974|MO~CA~AK|Commercial|2015-10-25||1|147|313766.42|2015-10-25|2018-08-06
AGT00181|Ashley|Allen|ashley.allen33@travelersagency.com|991-305-2889|Travelers Agency|Las Vegas|NV|89101|LIC876764|NV~TX|All Lines|2011-03-31||1|0|22018.95|2011-03-31|2011-04-25
AGT00182|Sarah|Williams|sarah.williams92@usaaagency.com|958-871-7870|USAA Agency|Kansas City|MO|64101|LIC437433|IL~MN|Homeowners|2018-03-01||1|106|457927.38|2018-03-01|2019-12-16
AGT00183|Karen|Jones|karen.jones29@statefarmoffice.com|(728) 247-7568|State Farm Office|Tampa|FL|33601|LIC587686|TX|Commercial|2018-05-13||1|79|163650.46|2018-05-13|2020-12-03
AGT00184|James|White|james.white76@cnapartners.com|(705)991-4201|CNA Partners|Columbus|OH|43201|LIC673108|GA~NV|Homeowners|2016-07-16||1|38|3188.94|2016-07-16|2018-11-02
AGT00185|Mary|Anderson|mary.anderson85@allstateagency.com|(585) 955-6038|Allstate Agency|Cleveland|OH|44101|LIC315161|KY|All Lines|2017-10-08||1|60|209907.92|2017-10-08|2018-02-07
AGT00186|Barbara|Rivera|barbara.rivera11@allstateagency.com|794-297-9280|Allstate Agency|Denver|CO|80201|LIC768169|TX~NV~GA~PA|Multi-Line|2012-02-02||1|19|295947.88|2012-02-02|2012-06-08
AGT00187|Sandra|Nelson|sandra.nelson42@progressivedirect.com|525-663-5455|Progressive Direct|Dallas|TX|75201|LIC178315|NM~TX~PA|Homeowners|2015-04-24||1|34|389968.49|2015-04-24|2015-12-03
AGT00188|Barbara|Miller|barbara.miller46@travelersagency.com|988.412.8404|Travelers Agency|Austin|TX|73301|LIC585854|OH|Commercial|2020-01-31||1|30|45210.44|2020-01-31|2021-10-15
AGT00189|Melissa|Hall|melissa.hall32@libertymutualgroup.com|(564) 605-9412|Liberty Mutual Group|Arlington|TX|76001|LIC810078|FL~PA~CA|Commercial|2010-11-27||1|66|410044.81|2010-11-27|2011-11-18
AGT00190|Mary|Sanchez|mary.sanchez8@statefarmoffice.com|999-427-3141|State Farm Office|Sacramento|CA|95801|LIC963684|CA~NY|Multi-Line|2015-08-09||1|95|343142.63|2015-08-09|2016-01-28
AGT00191|Donna|Nguyen|donna.nguyen17@allstateagency.com|(294) 539-3007|Allstate Agency|Seattle|WA|98101|LIC583388|CA~CA|Auto|2011-09-07||1|43|462065.86|2011-09-07|2014-02-10
AGT00192|George|Sanchez|george.sanchez24@usaaagency.com|481-486-8307|USAA Agency|Omaha|NE|68101|LIC136332|OR~NC|All Lines|2010-08-30||1|62|323639.2|2010-08-30|2013-06-16
AGT00193|Anthony|Scott|anthony.scott83@statefarmoffice.com|(738) 455-9907|State Farm Office|Kansas City|MO|64101|LIC501078|AZ~OH|Commercial|2011-05-15||1|122|272258.9|2011-05-15|2014-01-31
AGT00194|Daniel|Torres|daniel.torres77@usaaagency.com|(424) 230-5602|USAA Agency|Raleigh|NC|27601|LIC947935|TN|Multi-Line|2017-03-19||1|135|178716.45|2017-03-19|2018-07-08
AGT00195|David|Miller|david.miller29@progressivedirect.com|789-597-6813|Progressive Direct|San Francisco|CA|94101|LIC284654|KY|Homeowners|2015-05-30||1|81|403105.11|2015-05-30|2017-06-02
AGT00196|Donna|Johnson|donna.johnson40@cnapartners.com|(379) 702-1621|CNA Partners|Riverside|CA|92501|LIC158896|NE~OH|Homeowners|2017-11-20||1|56|9963.99|2017-11-20|2020-07-25
AGT00197|James|Perez|james.perez3@nationwidepartners.com|(351) 800-3320|Nationwide Partners|Bakersfield|CA|93301|LIC987599|TN~TX|All Lines|2014-07-09||1|93|480279.38|2014-07-09|2016-08-12
AGT00198|Melissa|Nelson|melissa.nelson56@farmersinsurance.com|854-698-6198|Farmers Insurance|Albuquerque|NM|87101|LIC841535|TX~MO|All Lines|2012-04-07||1|91|111618.61|2012-04-07|2013-04-01
AGT00199|Matthew|Martin|matthew.martin74@nationwidepartners.com|600-989-1530|Nationwide Partners|St. Louis|MO|63101|LIC731650|TX|Commercial|2016-08-09||1|56|319823.39|2016-08-09|2017-03-10
AGT00200|Dorothy|Martinez|dorothy.martinez91@libertymutualgroup.com|8868546500|Liberty Mutual Group|Louisville|KY|40201|LIC111949|TX~HI~PA|Commercial|2011-09-30||1|53|124770.43|2011-09-30|2012-02-15